{"cameraMode":{"drawMode":0,"name":"Shaded","section":"Shading Mode"},"sceneLighting":false,"audioPlay":false,"sceneViewState":{"showFog":true,"showMaterialUpdate":false,"showSkybox":false,"showFlares":true,"showImageEffects":true,"showParticleSystems":true},"in2DMode":false,"pivot":{"x":18.642175674438478,"y":607.4217529296875,"z":-35.51682662963867},"rotation":{"x":-0.19100111722946168,"y":0.7258665561676025,"z":-0.22287356853485108,"w":-0.6221029758453369},"size":10.508936882019043,"orthographic":false}