{"cameraMode":{"drawMode":0,"name":"Shaded","section":"Shading Mode"},"sceneLighting":false,"audioPlay":false,"sceneViewState":{"showFog":true,"showMaterialUpdate":false,"showSkybox":false,"showFlares":true,"showImageEffects":true,"showParticleSystems":true},"in2DMode":false,"pivot":{"x":5.1010003089904789,"y":10.170000076293946,"z":-59.8900032043457},"rotation":{"x":0.3918708562850952,"y":-0.5196254253387451,"z":0.2902529537677765,"w":0.701569676399231},"size":0.8660253882408142,"orthographic":false}