{"cameraMode":{"drawMode":0,"name":"Shaded","section":"Shading Mode"},"sceneLighting":true,"audioPlay":false,"sceneViewState":{"showFog":true,"showMaterialUpdate":false,"showSkybox":false,"showFlares":true,"showImageEffects":true,"showParticleSystems":true},"in2DMode":false,"pivot":{"x":7.832802772521973,"y":10.334291458129883,"z":-95.61652374267578},"rotation":{"x":0.04434121400117874,"y":0.044940635561943057,"z":-0.001977799693122506,"w":0.998018205165863},"size":2.598076105117798,"orthographic":false}