{"cameraMode":{"drawMode":0,"name":"Shaded","section":"Shading Mode"},"sceneLighting":false,"audioPlay":false,"sceneViewState":{"showFog":true,"showMaterialUpdate":false,"showSkybox":false,"showFlares":true,"showImageEffects":true,"showParticleSystems":true},"in2DMode":false,"pivot":{"x":3.5240001678466799,"y":1.8500001430511475,"z":-49.75199890136719},"rotation":{"x":-0.3607994019985199,"y":-0.028814809396862985,"z":0.01115331519395113,"w":-0.9321317672729492},"size":23.668424606323243,"orthographic":false}