{"cameraMode":{"drawMode":0,"name":"Shaded","section":"Shading Mode"},"sceneLighting":true,"audioPlay":false,"sceneViewState":{"showFog":true,"showMaterialUpdate":true,"showSkybox":true,"showFlares":true,"showImageEffects":true,"showParticleSystems":true},"in2DMode":false,"pivot":{"x":-23.779842376708986,"y":3.6981639862060549,"z":22.88269805908203},"rotation":{"x":0.012410041876137257,"y":-0.561603307723999,"z":0.00842469371855259,"w":0.8272714614868164},"size":12.93213939666748,"orthographic":false}