{"cameraMode":{"drawMode":0,"name":"Shaded","section":"Shading Mode"},"sceneLighting":false,"audioPlay":false,"sceneViewState":{"showFog":true,"showMaterialUpdate":false,"showSkybox":false,"showFlares":true,"showImageEffects":true,"showParticleSystems":true},"in2DMode":false,"pivot":{"x":3.0900001525878908,"y":2.0,"z":-9.100000381469727},"rotation":{"x":0.09284995496273041,"y":0.018520304933190347,"z":-0.0017273915000259877,"w":0.9955065846443176},"size":7.794228553771973,"orthographic":true}