{"cameraMode":{"drawMode":0,"name":"Shaded","section":"Shading Mode"},"sceneLighting":false,"audioPlay":false,"sceneViewState":{"showFog":true,"showMaterialUpdate":false,"showSkybox":false,"showFlares":true,"showImageEffects":true,"showParticleSystems":true},"in2DMode":false,"pivot":{"x":0.7814207077026367,"y":9.286214828491211,"z":14.58047866821289},"rotation":{"x":0.0768626481294632,"y":-0.1637531816959381,"z":0.012798230163753033,"w":0.9834213256835938},"size":13.791777610778809,"orthographic":true}