{"cameraMode":{"drawMode":0,"name":"Shaded","section":"Shading Mode"},"sceneLighting":false,"audioPlay":false,"sceneViewState":{"showFog":true,"showMaterialUpdate":false,"showSkybox":false,"showFlares":true,"showImageEffects":true,"showParticleSystems":true},"in2DMode":false,"pivot":{"x":2.2825050354003908,"y":6.8230204582214359,"z":-1.0145702362060547},"rotation":{"x":0.21542038023471833,"y":0.05708952993154526,"z":-0.012616656720638276,"w":0.9747705459594727},"size":14.081562042236329,"orthographic":true}