{"cameraMode":{"drawMode":0,"name":"Shaded","section":"Shading Mode"},"sceneLighting":true,"audioPlay":false,"sceneViewState":{"showFog":true,"showMaterialUpdate":true,"showSkybox":true,"showFlares":true,"showImageEffects":true,"showParticleSystems":true},"in2DMode":false,"pivot":{"x":46.19744873046875,"y":173.13363647460938,"z":-159.47830200195313},"rotation":{"x":0.2086964249610901,"y":-0.15561947226524354,"z":0.033657558262348178,"w":0.9649332165718079},"size":2.437427282333374,"orthographic":false}